,index,specnum,c0_name,c0_start,c0_stop,c1_name,c1_start,c1_stop
0,0,cl059a3-0,C2,555,580,C1,500,550
1,16,cl061a2-1,C2,555,580,C1,500,550
2,33,cl063b3-2,C2,555,580,C1,500,550
3,50,cl065b4-3,C2,555,580,C1,500,550
4,68,cl066a4-4,C2,555,580,C1,500,550
5,87,cl067a3-5,C2,555,580,C1,500,550
6,103,cl071a1-6,C2,555,580,C1,500,550
7,119,cl073a5-7,C2,555,580,C1,500,550
8,136,cl075a3-8,C2,555,580,C1,500,550
9,155,cl077b3-9,C2,555,580,C1,500,550
10,172,cl079a3-10,C2,555,580,C1,500,550
11,190,cl081a2-11,C2,555,580,C1,500,550
12,207,cl083a2-12,C2,555,580,C1,500,550
13,225,cl085a3-13,C2,555,580,C1,500,550
14,243,cl087a2-14,C2,555,580,C1,500,550
15,261,cl089b2-15,C2,555,580,C1,500,550
16,282,cl091a2-16,C2,555,580,C1,500,550
17,301,cl093a5-17,C2,555,580,C1,500,550
18,319,cl099a5-18,C2,555,580,C1,500,550
19,343,cl101a3-19,C2,555,580,C1,500,550
20,359,cl103a4-20,C2,555,580,C1,500,550
21,380,cl105a1-21,C2,555,580,C1,500,550
22,399,cl107a2-22,C2,555,580,C1,500,550
23,417,cl108a4-23,C2,555,580,C1,500,550
24,433,cl111a2-24,C2,555,580,C1,500,550
25,449,cl113a2-25,C2,555,580,C1,500,550
26,466,cl115a3-26,C2,555,580,C1,500,550
27,482,cl117a4-27,C2,555,580,C1,500,550
28,500,cl119b2-28,C2,555,580,C1,500,550
29,516,cl121a4-29,C2,555,580,C1,500,550
30,534,cl123a3-30,C2,555,580,C1,500,550
31,552,cl125a3-31,C2,555,580,C1,500,550
32,570,cl127a2-32,C2,555,580,C1,500,550
33,590,cl131a2-33,C2,555,580,C1,500,550
34,612,cl133a2-34,C2,555,580,C1,500,550
35,630,cl135a3-35,C2,555,580,C1,500,550
36,649,cl136b2-36,C2,555,580,C1,500,550
37,665,cl137a2-37,C2,555,580,C1,500,550
38,684,cl141b3-38,C2,555,580,C1,500,550
39,704,cl142b2-39,C2,555,580,C1,500,550
40,728,cl145a5-40,C2,555,580,C1,500,550
41,746,pp001c1-41,C2,555,580,C1,500,550
42,767,pp004a2-42,C2,555,580,C1,500,550
43,783,pp005a2-43,C2,555,580,C1,500,550
44,799,pp007a3-44,C2,555,580,C1,500,550
45,815,pp008b4-45,C2,555,580,C1,500,550
46,831,pp009a2-46,C2,555,580,C1,500,550
47,849,pp013a2-47,C2,555,580,C1,500,550
48,867,pp023d2-48,C2,555,580,C1,500,550
49,883,pp025b2-49,C2,555,580,C1,500,550
50,904,pp027b2-50,C2,555,580,C1,500,550
51,926,pp029a2-51,C2,555,580,C1,500,550
52,948,pp031b2-52,C2,555,580,C1,500,550
53,964,pp033a2-53,C2,555,580,C1,500,550
54,983,pp035a2-54,C2,555,580,C1,500,550
55,1003,pp037b4-55,C2,555,580,C1,500,550
56,1020,pp038b4-56,C2,555,580,C1,500,550
57,1040,pp041a3-57,C2,555,580,C1,500,550
58,1059,pp043a3-58,C2,555,580,C1,500,550
59,1077,pp045b2-59,C2,555,580,C1,500,550
60,1093,pp047a2-60,C2,555,580,C1,500,550
61,1111,pp048a3-61,C2,555,580,C1,500,550
62,1128,pp049c1-62,C2,555,580,C1,500,550
63,1145,pp053b1-63,C2,555,580,C1,500,550
64,1164,pp054b3-64,C2,555,580,C1,500,550
65,1182,pp055e3-65,C2,555,580,C1,500,550
66,1197,pp056a1-66,C2,555,580,C1,500,550
67,1215,pp058a1-67,C2,555,580,C1,500,550
68,1233,pp060a2-68,C2,555,580,C1,500,550
69,1250,pp062a1-69,C2,555,580,C1,500,550
70,1267,pp064a2-70,C2,555,580,C1,500,550
71,1286,pp067c1-71,C2,555,580,C1,500,550
72,1304,pp068a2-72,C2,555,580,C1,500,550
73,1322,pp070b1-73,C2,555,580,C1,500,550
74,1341,pp072a2-74,C2,555,580,C1,500,550
75,1357,pp074d4-75,C2,555,580,C1,500,550
76,1375,pp076b2-76,C2,555,580,C1,500,550
77,1394,pp078a3-77,C2,555,580,C1,500,550
78,1414,pp082a1-78,C2,555,580,C1,500,550
79,1433,pp091a1-79,C2,555,580,C1,500,550
80,1452,pp100b3-80,C2,555,580,C1,500,550
81,1470,pp102b2-81,C2,555,580,C1,500,550
82,1488,pp110a1-82,C2,555,580,C1,500,550
83,1505,pp114a1-83,C2,555,580,C1,500,550
84,1524,pp116a4-84,C2,555,580,C1,500,550
85,1544,pp120d1-85,C2,555,580,C1,500,550
86,1561,pp126a1-86,C2,555,580,C1,500,550
87,1580,pp128a4-87,C2,555,580,C1,500,550
88,1597,pp132a3-88,C2,555,580,C1,500,550
89,1615,pp138a2-89,C2,555,580,C1,500,550
90,1634,pp140c1-90,C2,555,580,C1,500,550
91,1656,pp145c3-91,C2,555,580,C1,500,550
92,1673,pp147f1-92,C2,555,580,C1,500,550
93,1692,pp148d2-93,C2,555,580,C1,500,550
94,1709,pp148f3-94,C2,555,580,C1,500,550
95,1727,pp149a5-95,C2,555,580,C1,500,550
96,1744,pp150a2-96,C2,555,580,C1,500,550
97,1762,pp151b1-97,C2,555,580,C1,500,550
98,1779,pp152a2-98,C2,555,580,C1,500,550
99,1797,pp153a1-99,C2,555,580,C1,500,550
100,1814,pp154a4-100,C2,555,580,C1,500,550
101,1831,pp155a2-101,C2,555,580,C1,500,550
102,1847,cm002b1-102,C2,555,580,C1,500,550
103,1859,cm004b1-103,C2,555,580,C1,500,550
104,1873,cm008b2-104,C2,555,580,C1,500,550
105,1893,cm009d2-105,C2,555,580,C1,500,550
106,1905,cm020a1-106,C2,555,580,C1,500,550
107,1918,cm022a4-107,C2,555,580,C1,500,550
108,1932,cm024b1-108,C2,555,580,C1,500,550
109,1946,cm026b2-109,C2,555,580,C1,500,550
110,1960,cm028a4-110,C2,555,580,C1,500,550
111,1973,cm051a2-111,C2,555,580,C1,500,550
112,1990,cm052a3-112,C2,555,580,C1,500,550
113,2002,cm053a1-113,C2,555,580,C1,500,550
114,2013,cm055b3-114,C2,555,580,C1,500,550
115,2028,cm100b2-115,C2,555,580,C1,500,550
116,2042,cm102a3-116,C2,555,580,C1,500,550
117,2056,cm104a4-117,C2,555,580,C1,500,550
118,2069,cm105a2-118,C2,555,580,C1,500,550
119,2087,cm108a1-119,C2,555,580,C1,500,550
120,2104,cm110a3-120,C2,555,580,C1,500,550
121,2123,cm112a3-121,C2,555,580,C1,500,550
122,2141,cm114a3-122,C2,555,580,C1,500,550
123,2157,cm116a2-123,C2,555,580,C1,500,550
124,2169,cm118a4-124,C2,555,580,C1,500,550
125,2183,pp158a1-125,C2,555,580,C1,500,550
126,2200,pp159a3-126,C2,555,580,C1,500,550
127,2217,pp160b3-127,C2,555,580,C1,500,550
128,2235,pp161c4-128,C2,555,580,C1,500,550
129,2254,pp163d2-129,C2,555,580,C1,500,550
130,2271,pp164b2-130,C2,555,580,C1,500,550
131,2291,pp166b2-131,C2,555,580,C1,500,550
132,2308,pp170b2-132,C2,555,580,C1,500,550
133,2326,pp178c1-133,C2,555,580,C1,500,550
134,2343,pp181d1-134,C2,555,580,C1,500,550
135,2361,pp182a1-135,C2,555,580,C1,500,550
136,2379,pp182b4-136,C2,555,580,C1,500,550
137,2397,pp186b1-137,C2,555,580,C1,500,550
138,2416,cm006b1-138,C2,555,580,C1,500,550
139,2429,cm010b1-139,C2,555,580,C1,500,550
140,2447,cm012c1-140,C2,555,580,C1,500,550
141,2465,cm016a4-141,C2,555,580,C1,500,550
142,2476,cm018b1-142,C2,555,580,C1,500,550
143,2486,cm030b2-143,C2,555,580,C1,500,550
144,2503,cm032b1-144,C2,555,580,C1,500,550
145,2520,cm034b1-145,C2,555,580,C1,500,550
146,2537,cm036b1-146,C2,555,580,C1,500,550
147,2547,cm038a4-147,C2,555,580,C1,500,550
148,2564,cm040a1-148,C2,555,580,C1,500,550
149,2581,cm042a2-149,C2,555,580,C1,500,550
150,2598,cm044c4-150,C2,555,580,C1,500,550
151,2617,cm046b1-151,C2,555,580,C1,500,550
152,2636,cm048b2-152,C2,555,580,C1,500,550
153,2655,cm054a3-153,C2,555,580,C1,500,550
154,2667,cm056a1-154,C2,555,580,C1,500,550
155,2684,cm120a2-155,C2,555,580,C1,500,550
156,2701,cm124a3-156,C2,555,580,C1,500,550
157,2713,cm126a5-157,C2,555,580,C1,500,550
158,2725,cm128a2-158,C2,555,580,C1,500,550
159,2738,cm130a3-159,C2,555,580,C1,500,550
160,2755,cm132a1-160,C2,555,580,C1,500,550
161,2767,cm134a2-161,C2,555,580,C1,500,550
162,2784,cm136a3-162,C2,555,580,C1,500,550
163,2794,smc9902a1-163,C2,555,580,C1,500,550
164,2811,smc9902b1-164,C2,555,580,C1,500,550
165,2828,smc9902c1-165,C2,555,580,C1,500,550
166,2845,smc9902e1-166,C2,555,580,C1,500,550
167,2862,smc9902j1-167,C2,555,580,C1,500,550
168,2879,smc9903a1-168,C2,555,580,C1,500,550
169,2896,smc9903b2-169,C2,555,580,C1,500,550
170,2913,smc9903n1-170,C2,555,580,C1,500,550
171,2930,cm101b2-171,C2,555,580,C1,500,550
172,2944,cm103a1-172,C2,555,580,C1,500,550
173,2961,cm107a4-173,C2,555,580,C1,500,550
174,2978,cm109a3-174,C2,555,580,C1,500,550
175,2996,cm111b2-175,C2,555,580,C1,500,550
176,3013,cm113a1-176,C2,555,580,C1,500,550
177,3030,cm115b1-177,C2,555,580,C1,500,550
178,3047,cm117a3-178,C2,555,580,C1,500,550
179,3061,cm125a4-179,C2,555,580,C1,500,550
180,3075,cm127a2-180,C2,555,580,C1,500,550
181,3089,cm129a2-181,C2,555,580,C1,500,550
182,3103,cm131a2-182,C2,555,580,C1,500,550
183,3117,cm133b1-183,C2,555,580,C1,500,550
184,3134,cm135b4-184,C2,555,580,C1,500,550
185,3151,cm137a3-185,C2,555,580,C1,500,550
186,3169,smc9906f1-186,C2,555,580,C1,500,550
187,3186,smc9910g1-187,C2,555,580,C1,500,550
188,3203,smc9914b1-188,C2,555,580,C1,500,550
189,3220,smc9915b1-189,C2,555,580,C1,500,550
190,3237,smc9916d1-190,C2,555,580,C1,500,550
191,3254,wc005a2-191,C2,555,580,C1,500,550
192,3271,wc017a1-192,C2,555,580,C1,500,550
193,3288,wc019a3-193,C2,555,580,C1,500,550
194,3305,wc027a1-194,C2,555,580,C1,500,550
195,3322,wc035a1-195,C2,555,580,C1,500,550
196,3339,wc043a2-196,C2,555,580,C1,500,550
197,3356,wc045a1-197,C2,555,580,C1,500,550
198,3373,wc051a1-198,C2,555,580,C1,500,550
199,3387,wc053b2-199,C2,555,580,C1,500,550
200,3401,wc059a2-200,C2,555,580,C1,500,550
201,3418,wc061a2-201,C2,555,580,C1,500,550
202,3435,pp022e3-202,C2,555,580,C1,500,550
203,3452,pp023d3-203,C2,555,580,C1,500,550
204,3469,pp024c2-204,C2,555,580,C1,500,550
205,3486,pp025c4-205,C2,555,580,C1,500,550
206,3503,pp026a3-206,C2,555,580,C1,500,550
207,3520,pp027b4-207,C2,555,580,C1,500,550
208,3537,pp028a4-208,C2,555,580,C1,500,550
209,3554,pp029b4-209,C2,555,580,C1,500,550
210,3571,pp030a3-210,C2,555,580,C1,500,550
211,3588,pp031c4-211,C2,555,580,C1,500,550
212,3605,pp032a4-212,C2,555,580,C1,500,550
213,3622,pp033b4-213,C2,555,580,C1,500,550
214,3639,pp036a4-214,C2,555,580,C1,500,550
215,3656,pp037a2-215,C2,555,580,C1,500,550
216,3673,pp038a3-216,C2,555,580,C1,500,550
217,3690,pp039c4-217,C2,555,580,C1,500,550
218,3707,pp040a3-218,C2,555,580,C1,500,550
219,3724,pp042b2-219,C2,555,580,C1,500,550
220,3741,pp044b4-220,C2,555,580,C1,500,550
221,3758,pp045a4-221,C2,555,580,C1,500,550
222,3775,pp046c4-222,C2,555,580,C1,500,550
223,3792,pp047a3-223,C2,555,580,C1,500,550
224,3809,pp048b2-224,C2,555,580,C1,500,550
225,3826,pp049a3-225,C2,555,580,C1,500,550
226,3843,pp050d2-226,C2,555,580,C1,500,550
227,3860,pp051c3-227,C2,555,580,C1,500,550
228,3877,pp052b4-228,C2,555,580,C1,500,550
229,3894,pp053b3-229,C2,555,580,C1,500,550
230,3911,pp054e3-230,C2,555,580,C1,500,550
231,3928,pp055e1-231,C2,555,580,C1,500,550
232,3945,cl001a4-232,C2,555,580,C1,500,550
233,3958,cl003a5-233,C2,555,580,C1,500,550
234,3972,cl005a4-234,C2,555,580,C1,500,550
235,3986,cl007a5-235,C2,555,580,C1,500,550
236,4000,cl009a3-236,C2,555,580,C1,500,550
237,4015,cl011a4-237,C2,555,580,C1,500,550
238,4028,cl013a5-238,C2,555,580,C1,500,550
239,4041,cl015a5-239,C2,555,580,C1,500,550
240,4054,cl017a4-240,C2,555,580,C1,500,550
241,4068,cl019a5-241,C2,555,580,C1,500,550
242,4086,cl021a4-242,C2,555,580,C1,500,550
243,4102,cl023a4-243,C2,555,580,C1,500,550
244,4116,cl025a5-244,C2,555,580,C1,500,550
245,4130,cl027a4-245,C2,555,580,C1,500,550
246,4146,cl029a5-246,C2,555,580,C1,500,550
247,4159,cl031a5-247,C2,555,580,C1,500,550
248,4173,cl033a5-248,C2,555,580,C1,500,550
249,4189,cl035a5-249,C2,555,580,C1,500,550
250,4203,cl037a4-250,C2,555,580,C1,500,550
251,4217,cl039a5-251,C2,555,580,C1,500,550
252,4231,cl041a5-252,C2,555,580,C1,500,550
253,4244,cl043a5-253,C2,555,580,C1,500,550
254,4257,cl045a5-254,C2,555,580,C1,500,550
255,4270,cl047a3-255,C2,555,580,C1,500,550
256,4284,cl049b5-256,C2,555,580,C1,500,550
257,4301,cl051a5-257,C2,555,580,C1,500,550
258,4315,cl053a4-258,C2,555,580,C1,500,550
259,4327,cl055a5-259,C2,555,580,C1,500,550
260,4343,cl058a5-260,C2,555,580,C1,500,550
261,4357,cl002b4-261,C2,555,580,C1,500,550
262,4371,cl004a4-262,C2,555,580,C1,500,550
263,4385,cl006a4-263,C2,555,580,C1,500,550
264,4399,cl008a4-264,C2,555,580,C1,500,550
265,4411,cl010a5-265,C2,555,580,C1,500,550
266,4425,cl012a1-266,C2,555,580,C1,500,550
267,4437,cl014a5-267,C2,555,580,C1,500,550
268,4452,cl016b4-268,C2,555,580,C1,500,550
269,4467,cl018a4-269,C2,555,580,C1,500,550
270,4480,cl020a4-270,C2,555,580,C1,500,550
271,4495,cl022a4-271,C2,555,580,C1,500,550
272,4508,cl024a4-272,C2,555,580,C1,500,550
273,4521,cl026a4-273,C2,555,580,C1,500,550
274,4533,cl028a5-274,C2,555,580,C1,500,550
275,4547,cl030a4-275,C2,555,580,C1,500,550
276,4561,cl032a4-276,C2,555,580,C1,500,550
277,4576,cl034a4-277,C2,555,580,C1,500,550
278,4591,cl036a4-278,C2,555,580,C1,500,550
279,4606,cl038a5-279,C2,555,580,C1,500,550
280,4620,cl040a5-280,C2,555,580,C1,500,550
281,4633,cl042a5-281,C2,555,580,C1,500,550
282,4646,cl044a5-282,C2,555,580,C1,500,550
283,4660,cl046a4-283,C2,555,580,C1,500,550
284,4673,cl048b5-284,C2,555,580,C1,500,550
285,4687,cl050a4-285,C2,555,580,C1,500,550
286,4702,cl052a4-286,C2,555,580,C1,500,550
287,4718,cl054a5-287,C2,555,580,C1,500,550
288,4732,cl057a5-288,C2,555,580,C1,500,550
289,4749,cl001a1-289,C2,555,580,C1,500,550
290,4760,cl002b3-290,C2,555,580,C1,500,550
291,4771,cl004a2-291,C2,555,580,C1,500,550
292,4782,cl006a3-292,C2,555,580,C1,500,550
293,4793,cl008a2-293,C2,555,580,C1,500,550
294,4804,cl009a2-294,C2,555,580,C1,500,550
295,4816,cl011a3-295,C2,555,580,C1,500,550
296,4827,cl013a4-296,C2,555,580,C1,500,550
297,4838,cl015a2-297,C2,555,580,C1,500,550
298,4850,cl016a3-298,C2,555,580,C1,500,550
299,4862,cl018a2-299,C2,555,580,C1,500,550
300,4873,cl019a2-300,C2,555,580,C1,500,550
301,4884,cl020b2-301,C2,555,580,C1,500,550
302,4895,cl022a3-302,C2,555,580,C1,500,550
303,4906,cl023a3-303,C2,555,580,C1,500,550
304,4917,cl025a4-304,C2,555,580,C1,500,550
305,4928,cl027a2-305,C2,555,580,C1,500,550
306,4940,cl028a3-306,C2,555,580,C1,500,550
307,4952,cl030a2-307,C2,555,580,C1,500,550
308,4963,cl031a4-308,C2,555,580,C1,500,550
309,4976,cl033a2-309,C2,555,580,C1,500,550
310,4988,cl034a3-310,C2,555,580,C1,500,550
311,4999,cl036a3-311,C2,555,580,C1,500,550
312,5010,cl038a4-312,C2,555,580,C1,500,550
313,5021,cl040a4-313,C2,555,580,C1,500,550
314,5032,cl043a4-314,C2,555,580,C1,500,550
315,5043,cl047a1-315,C2,555,580,C1,500,550
316,5056,cl049a3-316,C2,555,580,C1,500,550
317,5071,cl051a4-317,C2,555,580,C1,500,550
318,5084,cl053a3-318,C2,555,580,C1,500,550
319,5095,cl054a4-319,C2,555,580,C1,500,550
320,5106,cl055a4-320,C2,555,580,C1,500,550
321,5120,cl056a3-321,C2,555,580,C1,500,550
322,5133,cl001a3-322,C2,555,580,C1,500,550
323,5146,cl003a2-323,C2,555,580,C1,500,550
324,5159,cl005a3-324,C2,555,580,C1,500,550
325,5172,cl007a2-325,C2,555,580,C1,500,550
326,5185,cl008a3-326,C2,555,580,C1,500,550
327,5198,cl010a3-327,C2,555,580,C1,500,550
328,5211,cl012a2-328,C2,555,580,C1,500,550
329,5223,cl014a3-329,C2,555,580,C1,500,550
330,5235,cl015a3-330,C2,555,580,C1,500,550
331,5249,cl017a2-331,C2,555,580,C1,500,550
332,5262,cl019a3-332,C2,555,580,C1,500,550
333,5276,cl021a5-333,C2,555,580,C1,500,550
334,5289,cl022a5-334,C2,555,580,C1,500,550
335,5302,cl024a2-335,C2,555,580,C1,500,550
336,5315,cl026a2-336,C2,555,580,C1,500,550
337,5329,cl027a3-337,C2,555,580,C1,500,550
338,5342,cl029a3-338,C2,555,580,C1,500,550
339,5356,cl030a3-339,C2,555,580,C1,500,550
340,5369,cl032a2-340,C2,555,580,C1,500,550
341,5383,cl033a3-341,C2,555,580,C1,500,550
342,5398,cl035a4-342,C2,555,580,C1,500,550
343,5412,cl037a3-343,C2,555,580,C1,500,550
344,5425,cl039a3-344,C2,555,580,C1,500,550
345,5438,cl041a2-345,C2,555,580,C1,500,550
346,5451,cl044a4-346,C2,555,580,C1,500,550
347,5464,cl046a3-347,C2,555,580,C1,500,550
348,5479,cl048b4-348,C2,555,580,C1,500,550
349,5492,cl050a3-349,C2,555,580,C1,500,550
350,5506,cl054a3-350,C2,555,580,C1,500,550
351,5518,cl056a2-351,C2,555,580,C1,500,550
352,5534,cl057a4-352,C2,555,580,C1,500,550
353,5551,cl002a1-353,C2,555,580,C1,500,550
354,5564,cl003a4-354,C2,555,580,C1,500,550
355,5577,cl006a1-355,C2,555,580,C1,500,550
356,5588,cl007a3-356,C2,555,580,C1,500,550
357,5599,cl009a1-357,C2,555,580,C1,500,550
358,5610,cl010a4-358,C2,555,580,C1,500,550
359,5621,cl013a3-359,C2,555,580,C1,500,550
360,5633,cl014a4-360,C2,555,580,C1,500,550
361,5645,cl016a2-361,C2,555,580,C1,500,550
362,5656,cl017a3-362,C2,555,580,C1,500,550
363,5668,cl018a3-363,C2,555,580,C1,500,550
364,5681,cl020a3-364,C2,555,580,C1,500,550
365,5692,cl021a3-365,C2,555,580,C1,500,550
366,5705,cl023a2-366,C2,555,580,C1,500,550
367,5716,cl025a3-367,C2,555,580,C1,500,550
368,5727,cl026a3-368,C2,555,580,C1,500,550
369,5738,cl028a2-369,C2,555,580,C1,500,550
370,5749,cl029a4-370,C2,555,580,C1,500,550
371,5761,cl031a2-371,C2,555,580,C1,500,550
372,5773,cl032a3-372,C2,555,580,C1,500,550
373,5785,cl034a2-373,C2,555,580,C1,500,550
374,5798,cl036a2-374,C2,555,580,C1,500,550
375,5812,cl038a3-375,C2,555,580,C1,500,550
376,5823,cl039a4-376,C2,555,580,C1,500,550
377,5834,cl042a2-377,C2,555,580,C1,500,550
378,5845,cl045a3-378,C2,555,580,C1,500,550
379,5856,cl047a2-379,C2,555,580,C1,500,550
380,5868,cl049a4-380,C2,555,580,C1,500,550
381,5883,cl050a2-381,C2,555,580,C1,500,550
382,5897,cl052a3-382,C2,555,580,C1,500,550
383,5911,cl058a4-383,C2,555,580,C1,500,550
384,5924,m428c1-384,C2,555,580,C1,500,550
385,5938,m428c2-385,C2,555,580,C1,500,550
386,5952,m428c3-386,C2,555,580,C1,500,550
387,5966,pp004b2-387,C2,555,580,C1,500,550
388,5980,pp043b4-388,C2,555,580,C1,500,550
389,5994,pp054d2-389,C2,555,580,C1,500,550
390,6009,pp055c2-390,C2,555,580,C1,500,550
391,6023,pp060b3-391,C2,555,580,C1,500,550
392,6037,pp063a5-392,C2,555,580,C1,500,550
393,6051,pp064b4-393,C2,555,580,C1,500,550
394,6065,pp065a4-394,C2,555,580,C1,500,550
395,6079,pp082b3-395,C2,555,580,C1,500,550
396,6093,pp100a2-396,C2,555,580,C1,500,550
397,6107,pp110b4-397,C2,555,580,C1,500,550
398,6121,pp120c3-398,C2,555,580,C1,500,550
399,6135,pp145b4-399,C2,555,580,C1,500,550
400,6149,pp147g1-400,C2,555,580,C1,500,550
401,6163,pp148f5-401,C2,555,580,C1,500,550
402,6176,pp149b5-402,C2,555,580,C1,500,550
403,6190,pp151b3-403,C2,555,580,C1,500,550
404,6204,pp152b4-404,C2,555,580,C1,500,550
405,6218,pp161c2-405,C2,555,580,C1,500,550
406,6232,pp163a4-406,C2,555,580,C1,500,550
407,6246,pp180b4-407,C2,555,580,C1,500,550
408,6260,pp182b2-408,C2,555,580,C1,500,550
409,6274,smc9902a3-409,C2,555,580,C1,500,550
410,6288,smc9902b4-410,C2,555,580,C1,500,550
411,6302,smc9902c5-411,C2,555,580,C1,500,550
412,6316,smc9902e4-412,C2,555,580,C1,500,550
413,6330,smc9902f3-413,C2,555,580,C1,500,550
414,6344,pp120b2-414,C2,555,580,C1,500,550
415,6358,pp120f2-415,C2,555,580,C1,500,550
416,6372,pp138b3-416,C2,555,580,C1,500,550
417,6386,pp138b5-417,C2,555,580,C1,500,550
418,6400,pp145a2-418,C2,555,580,C1,500,550
419,6414,pp145c1-419,C2,555,580,C1,500,550
420,6428,pp180d1-420,C2,555,580,C1,500,550
421,6442,smc9903f4-421,C2,555,580,C1,500,550
422,6456,smc9903g6-422,C2,555,580,C1,500,550
423,6471,smc9903i5-423,C2,555,580,C1,500,550
424,6485,smc9903j3-424,C2,555,580,C1,500,550
425,6498,smc9903k4-425,C2,555,580,C1,500,550
426,6512,smc9903m4-426,C2,555,580,C1,500,550
427,6526,smc9906a4-427,C2,555,580,C1,500,550
428,6540,smc9906b4-428,C2,555,580,C1,500,550
429,6554,smc9906c4-429,C2,555,580,C1,500,550
430,6568,smc9906d4-430,C2,555,580,C1,500,550
431,6582,smc9906e4-431,C2,555,580,C1,500,550
432,6596,smc9906g1-432,C2,555,580,C1,500,550
433,6610,smc9910c3-433,C2,555,580,C1,500,550
434,6624,smc9914a4-434,C2,555,580,C1,500,550
435,6638,smc9914b3-435,C2,555,580,C1,500,550
436,6652,smc9915b3-436,C2,555,580,C1,500,550
437,6666,smc9916h2-437,C2,555,580,C1,500,550
438,6680,pp043b3-438,C2,555,580,C1,500,550
439,6694,pp054b1-439,C2,555,580,C1,500,550
440,6708,pp055e2-440,C2,555,580,C1,500,550
441,6722,pp056b1-441,C2,555,580,C1,500,550
442,6736,pp063b4-442,C2,555,580,C1,500,550
443,6750,pp064b3-443,C2,555,580,C1,500,550
444,6764,pp065b3-444,C2,555,580,C1,500,550
445,6778,pp067d3-445,C2,555,580,C1,500,550
446,6792,pp068b4-446,C2,555,580,C1,500,550
447,6806,pp082b2-447,C2,555,580,C1,500,550
448,6820,pp100a1-448,C2,555,580,C1,500,550
449,6834,pp110a4-449,C2,555,580,C1,500,550
450,6848,pp120d3-450,C2,555,580,C1,500,550
451,6862,pp148e4-451,C2,555,580,C1,500,550
452,6876,pp153f1-452,C2,555,580,C1,500,550
453,6890,pp161c3-453,C2,555,580,C1,500,550
454,6904,pp163c3-454,C2,555,580,C1,500,550
455,6918,pp169b2-455,C2,555,580,C1,500,550
456,6932,smc9902f2-456,C2,555,580,C1,500,550
457,6946,smc9902g2-457,C2,555,580,C1,500,550
458,6960,smc9902h1-458,C2,555,580,C1,500,550
459,6974,smc9902j4-459,C2,555,580,C1,500,550
460,6988,smc9906a3-460,C2,555,580,C1,500,550
461,7002,smc9906a5-461,C2,555,580,C1,500,550
462,7016,smc9906d5-462,C2,555,580,C1,500,550
463,7030,smc9906e1-463,C2,555,580,C1,500,550
464,7044,smc9906f3-464,C2,555,580,C1,500,550
465,7058,smc9906g4-465,C2,555,580,C1,500,550
466,7072,smc9910c1-466,C2,555,580,C1,500,550
467,7086,smc9910d1-467,C2,555,580,C1,500,550
468,7100,pp043a2-468,C2,555,580,C1,500,550
469,7114,pp054a4-469,C2,555,580,C1,500,550
470,7128,pp055b2-470,C2,555,580,C1,500,550
471,7142,pp057a3-471,C2,555,580,C1,500,550
472,7156,pp058c1-472,C2,555,580,C1,500,550
473,7170,pp064b2-473,C2,555,580,C1,500,550
474,7184,pp065b1-474,C2,555,580,C1,500,550
475,7198,pp067d2-475,C2,555,580,C1,500,550
476,7212,pp068b1-476,C2,555,580,C1,500,550
477,7226,pp082b1-477,C2,555,580,C1,500,550
478,7240,pp100b1-478,C2,555,580,C1,500,550
479,7254,pp110b3-479,C2,555,580,C1,500,550
480,7268,pp120e3-480,C2,555,580,C1,500,550
481,7282,pp147g3-481,C2,555,580,C1,500,550
482,7296,pp149b4-482,C2,555,580,C1,500,550
483,7310,pp152b3-483,C2,555,580,C1,500,550
484,7324,pp153e3-484,C2,555,580,C1,500,550
485,7338,pp161b1-485,C2,555,580,C1,500,550
486,7352,pp163a5-486,C2,555,580,C1,500,550
487,7366,pp169c3-487,C2,555,580,C1,500,550
488,7380,pp182b1-488,C2,555,580,C1,500,550
489,7394,smc9902a4-489,C2,555,580,C1,500,550
490,7408,smc9902b5-490,C2,555,580,C1,500,550
491,7422,smc9902c6-491,C2,555,580,C1,500,550
492,7436,smc9902e3-492,C2,555,580,C1,500,550
493,7450,smc9903j1-493,C2,555,580,C1,500,550
494,7464,smc9903m3-494,C2,555,580,C1,500,550
495,7478,smc9906c1-495,C2,555,580,C1,500,550
496,7492,smc9916b4-496,C2,555,580,C1,500,550
497,7506,smc9916e3-497,C2,555,580,C1,500,550
498,7520,pp056a3-498,C2,555,580,C1,500,550
499,7534,pp058a4-499,C2,555,580,C1,500,550
500,7548,pp060a4-500,C2,555,580,C1,500,550
501,7562,pp064a4-501,C2,555,580,C1,500,550
502,7576,pp067b4-502,C2,555,580,C1,500,550
503,7590,pp068a4-503,C2,555,580,C1,500,550
504,7604,smc9902a2-504,C2,555,580,C1,500,550
505,7618,smc9902b2-505,C2,555,580,C1,500,550
506,7632,smc9902c2-506,C2,555,580,C1,500,550
507,7646,smc9902e2-507,C2,555,580,C1,500,550
508,7660,smc9902f1-508,C2,555,580,C1,500,550
509,7674,smc9902g1-509,C2,555,580,C1,500,550
510,7688,smc9902h2-510,C2,555,580,C1,500,550
511,7702,smc9902j2-511,C2,555,580,C1,500,550
512,7716,smc9903a2-512,C2,555,580,C1,500,550
513,7730,smc9903b1-513,C2,555,580,C1,500,550
514,7744,smc9903c1-514,C2,555,580,C1,500,550
515,7758,smc9903d1-515,C2,555,580,C1,500,550
516,7772,smc9903e2-516,C2,555,580,C1,500,550
517,7786,smc9903f1-517,C2,555,580,C1,500,550
518,7800,smc9903g1-518,C2,555,580,C1,500,550
519,7814,smc9903h1-519,C2,555,580,C1,500,550
520,7828,smc9903i1-520,C2,555,580,C1,500,550
521,7842,smc9903l1-521,C2,555,580,C1,500,550
522,7856,smc9903n2-522,C2,555,580,C1,500,550
523,7870,smc9906f2-523,C2,555,580,C1,500,550
524,7884,smc9910g2-524,C2,555,580,C1,500,550
525,7898,smc9914b2-525,C2,555,580,C1,500,550
526,7912,smc9915b2-526,C2,555,580,C1,500,550
527,7926,smc9916d2-527,C2,555,580,C1,500,550
528,7940,pp056b2-528,C2,555,580,C1,500,550
529,7953,pp057a4-529,C2,555,580,C1,500,550
530,7966,pp058b1-530,C2,555,580,C1,500,550
531,7979,pp060b2-531,C2,555,580,C1,500,550
532,7992,pp062a3-532,C2,555,580,C1,500,550
533,8005,pp063a2-533,C2,555,580,C1,500,550
534,8018,pp064b1-534,C2,555,580,C1,500,550
535,8031,pp065a3-535,C2,555,580,C1,500,550
536,8044,pp068b2-536,C2,555,580,C1,500,550
537,8057,pp069a3-537,C2,555,580,C1,500,550
538,8070,pp070b3-538,C2,555,580,C1,500,550
539,8083,pp074a2-539,C2,555,580,C1,500,550
540,8096,pp076a2-540,C2,555,580,C1,500,550
541,8109,pp082a2-541,C2,555,580,C1,500,550
542,8122,pp100b2-542,C2,555,580,C1,500,550
543,8135,pp102e2-543,C2,555,580,C1,500,550
544,8148,pp110a3-544,C2,555,580,C1,500,550
545,8161,pp116b2-545,C2,555,580,C1,500,550
546,8174,pp120c2-546,C2,555,580,C1,500,550
547,8187,pp126a4-547,C2,555,580,C1,500,550
548,8200,pp138a3-548,C2,555,580,C1,500,550
549,8213,pp140b1-549,C2,555,580,C1,500,550
550,8226,pp145c4-550,C2,555,580,C1,500,550
551,8239,pp147b3-551,C2,555,580,C1,500,550
552,8252,pp148f4-552,C2,555,580,C1,500,550
553,8265,pp149b3-553,C2,555,580,C1,500,550
554,8278,pp151a3-554,C2,555,580,C1,500,550
555,8291,pp152a4-555,C2,555,580,C1,500,550
556,8304,pp153d2-556,C2,555,580,C1,500,550
557,8317,pp154a3-557,C2,555,580,C1,500,550
558,8330,pp158a2-558,C2,555,580,C1,500,550
559,8344,pp159a2-559,C2,555,580,C1,500,550
560,8358,pp160a3-560,C2,555,580,C1,500,550
561,8372,pp161e1-561,C2,555,580,C1,500,550
562,8386,pp163b3-562,C2,555,580,C1,500,550
563,8400,pp164b3-563,C2,555,580,C1,500,550
564,8414,pp165b2-564,C2,555,580,C1,500,550
565,8428,pp166c1-565,C2,555,580,C1,500,550
566,8442,pp167a3-566,C2,555,580,C1,500,550
567,8456,pp168a3-567,C2,555,580,C1,500,550
568,8470,pp169a3-568,C2,555,580,C1,500,550
569,8484,pp170a2-569,C2,555,580,C1,500,550
570,8498,pp178c2-570,C2,555,580,C1,500,550
571,8512,pp181e2-571,C2,555,580,C1,500,550
572,8526,pp182b3-572,C2,555,580,C1,500,550
573,8540,pp186b2-573,C2,555,580,C1,500,550
574,8555,smc9903i4-574,C2,555,580,C1,500,550
575,8569,smc9903j2-575,C2,555,580,C1,500,550
576,8583,smc9903k3-576,C2,555,580,C1,500,550
577,8597,smc9903m1-577,C2,555,580,C1,500,550
578,8611,smc9906a2-578,C2,555,580,C1,500,550
579,8625,smc9906b3-579,C2,555,580,C1,500,550
580,8639,smc9906c2-580,C2,555,580,C1,500,550
581,8653,smc9906d2-581,C2,555,580,C1,500,550
582,8667,smc9906e2-582,C2,555,580,C1,500,550
583,8681,smc9906g2-583,C2,555,580,C1,500,550
584,8695,smc9906h2-584,C2,555,580,C1,500,550
585,8709,smc9910a2-585,C2,555,580,C1,500,550
586,8723,smc9910b3-586,C2,555,580,C1,500,550
587,8737,smc9910c2-587,C2,555,580,C1,500,550
588,8751,cm100b4-588,C2,555,580,C1,500,550
589,8763,cm102a4-589,C2,555,580,C1,500,550
590,8775,cm104a5-590,C2,555,580,C1,500,550
591,8787,cm105a3-591,C2,555,580,C1,500,550
592,8799,cm107a5-592,C2,555,580,C1,500,550
593,8811,cm114a4-593,C2,555,580,C1,500,550
594,8823,cm115a4-594,C2,555,580,C1,500,550
595,8835,cm116a4-595,C2,555,580,C1,500,550
596,8847,cm117a5-596,C2,555,580,C1,500,550
597,8859,cm118a5-597,C2,555,580,C1,500,550
598,8871,cm129a3-598,C2,555,580,C1,500,550
599,8883,cm130a2-599,C2,555,580,C1,500,550
600,8895,cm133b2-600,C2,555,580,C1,500,550
601,8907,cm134a3-601,C2,555,580,C1,500,550
602,8919,smc9910d3-602,C2,555,580,C1,500,550
603,8931,smc9910e2-603,C2,555,580,C1,500,550
604,8943,smc9910f2-604,C2,555,580,C1,500,550
605,8955,smc9914a3-605,C2,555,580,C1,500,550
606,8967,smc9914c2-606,C2,555,580,C1,500,550
607,8979,smc9915a4-607,C2,555,580,C1,500,550
608,8991,smc9915c4-608,C2,555,580,C1,500,550
609,9003,smc9916a2-609,C2,555,580,C1,500,550
610,9015,smc9916b3-610,C2,555,580,C1,500,550
611,9027,smc9916c2-611,C2,555,580,C1,500,550
612,9039,smc9916e1-612,C2,555,580,C1,500,550
613,9051,smc9916f1-613,C2,555,580,C1,500,550
614,9062,smc9916g1-614,C2,555,580,C1,500,550
615,9074,smc9916h1-615,C2,555,580,C1,500,550
616,9086,smc9916i1-616,C2,555,580,C1,500,550
617,9098,smc9916j1-617,C2,555,580,C1,500,550
618,9110,cm009d3-618,C2,555,580,C1,500,550
619,9124,cm022a3-619,C2,555,580,C1,500,550
620,9138,cm024b2-620,C2,555,580,C1,500,550
621,9154,cm051b3-621,C2,555,580,C1,500,550
622,9168,cm100a3-622,C2,555,580,C1,500,550
623,9182,cm102a2-623,C2,555,580,C1,500,550
624,9196,cm104a2-624,C2,555,580,C1,500,550
625,9210,cm105a5-625,C2,555,580,C1,500,550
626,9225,cm107a3-626,C2,555,580,C1,500,550
627,9239,cm114a2-627,C2,555,580,C1,500,550
628,9253,cm115a3-628,C2,555,580,C1,500,550
629,9267,cm116a5-629,C2,555,580,C1,500,550
630,9281,cm117a4-630,C2,555,580,C1,500,550
631,9296,cm118a3-631,C2,555,580,C1,500,550
632,9310,pp004b1-632,C2,555,580,C1,500,550
633,9324,pp009b4-633,C2,555,580,C1,500,550
634,9338,pp043a4-634,C2,555,580,C1,500,550
635,9352,pp049c2-635,C2,555,580,C1,500,550
636,9366,pp056b3-636,C2,555,580,C1,500,550
637,9380,pp153d1-637,C2,555,580,C1,500,550
638,9394,pp159b4-638,C2,555,580,C1,500,550
639,9408,pp160a2-639,C2,555,580,C1,500,550
640,9422,pp163a3-640,C2,555,580,C1,500,550
641,9436,pp180c1-641,C2,555,580,C1,500,550
642,9450,pp188e1-642,C2,555,580,C1,500,550
643,9464,smc9910f3-643,C2,555,580,C1,500,550
644,9478,smc9916g2-644,C2,555,580,C1,500,550
645,9492,wc019a4-645,C2,555,580,C1,500,550
646,9506,wc043a3-646,C2,555,580,C1,500,550
647,9520,wc061a3-647,C2,555,580,C1,500,550
648,9534,cl079a5-648,C2,555,580,C1,500,550
649,9548,cl083a3-649,C2,555,580,C1,500,550
650,9562,cl101a2-650,C2,555,580,C1,500,550
651,9576,cl115a4-651,C2,555,580,C1,500,550
652,9590,cl117a5-652,C2,555,580,C1,500,550
653,9604,smc0137a2-653,C2,555,580,C1,500,550
654,9618,smc0137b2-654,C2,555,580,C1,500,550
655,9632,smc0137c2-655,C2,555,580,C1,500,550
656,9646,smc0137d4-656,C2,555,580,C1,500,550
657,9660,smc0137e2-657,C2,555,580,C1,500,550
658,9674,smc0137f4-658,C2,555,580,C1,500,550
659,9688,smc0137g5-659,C2,555,580,C1,500,550
660,9702,smc0137h2-660,C2,555,580,C1,500,550
661,9716,smc0137j3-661,C2,555,580,C1,500,550
662,9730,smc0137k3-662,C2,555,580,C1,500,550
663,9744,smc0137l3-663,C2,555,580,C1,500,550
664,9758,smc0137m3-664,C2,555,580,C1,500,550
665,9772,smc0137n1-665,C2,555,580,C1,500,550
666,9788,smc0137o1-666,C2,555,580,C1,500,550
667,9802,smc0137p2-667,C2,555,580,C1,500,550
668,9816,smc0137q1-668,C2,555,580,C1,500,550
669,9830,smc0137q7-669,C2,555,580,C1,500,550
670,9844,smc0137r3-670,C2,555,580,C1,500,550
671,9858,smc0137s4-671,C2,555,580,C1,500,550
672,9872,smc0137t2-672,C2,555,580,C1,500,550
673,9886,smc0137u1-673,C2,555,580,C1,500,550
674,9900,smc0137u3-674,C2,555,580,C1,500,550
675,9914,smc0137v1-675,C2,555,580,C1,500,550
676,9928,smc0137w2-676,C2,555,580,C1,500,550
677,9942,smc0137x1-677,C2,555,580,C1,500,550
678,9956,cl121a3-678,C2,555,580,C1,500,550
679,9970,cl122a2-679,C2,555,580,C1,500,550
680,9984,cl123a4-680,C2,555,580,C1,500,550
681,9998,cl124a2-681,C2,555,580,C1,500,550
682,10012,cl125a5-682,C2,555,580,C1,500,550
683,10026,cl126a2-683,C2,555,580,C1,500,550
684,10040,cl127a3-684,C2,555,580,C1,500,550
685,10054,cl131a3-685,C2,555,580,C1,500,550
686,10068,cl132a2-686,C2,555,580,C1,500,550
687,10082,cl133a4-687,C2,555,580,C1,500,550
688,10096,cl134a3-688,C2,555,580,C1,500,550
689,10110,cl135a4-689,C2,555,580,C1,500,550
690,10124,pp054d3-690,C2,555,580,C1,500,550
691,10138,pp055f2-691,C2,555,580,C1,500,550
692,10152,smc1708a1-692,C2,555,580,C1,500,550
693,10166,smc1708b1-693,C2,555,580,C1,500,550
694,10180,smc1708c2-694,C2,555,580,C1,500,550
695,10194,smc1708d1-695,C2,555,580,C1,500,550
696,10208,smc1708e1-696,C2,555,580,C1,500,550
697,10222,smc1708f1-697,C2,555,580,C1,500,550
698,10237,smc1708g5-698,C2,555,580,C1,500,550
699,10251,smc1708h5-699,C2,555,580,C1,500,550
700,10265,smc1708i2-700,C2,555,580,C1,500,550
701,10279,smc1708j3-701,C2,555,580,C1,500,550
702,10293,smc1708k4-702,C2,555,580,C1,500,550
703,10307,smc1708l1-703,C2,555,580,C1,500,550
704,10321,smc1708m2-704,C2,555,580,C1,500,550
705,10335,smc1708n7-705,C2,555,580,C1,500,550
706,10349,smc1708o3-706,C2,555,580,C1,500,550
707,10363,smc1708o4-707,C2,555,580,C1,500,550
708,10377,cm009d4-708,C2,555,580,C1,500,550
709,10391,cm022a2-709,C2,555,580,C1,500,550
710,10405,cm024b3-710,C2,555,580,C1,500,550
711,10419,cm100a2-711,C2,555,580,C1,500,550
712,10433,cm102a1-712,C2,555,580,C1,500,550
713,10447,cm104a3-713,C2,555,580,C1,500,550
714,10461,cm105a4-714,C2,555,580,C1,500,550
715,10475,cm107a2-715,C2,555,580,C1,500,550
716,10489,cm114a5-716,C2,555,580,C1,500,550
717,10503,cm115b3-717,C2,555,580,C1,500,550
718,10517,cm116a3-718,C2,555,580,C1,500,550
719,10531,cm118a2-719,C2,555,580,C1,500,550
720,10545,cm129a4-720,C2,555,580,C1,500,550
721,10559,cm130a4-721,C2,555,580,C1,500,550
722,10573,cm133a5-722,C2,555,580,C1,500,550
723,10587,smc0137e3-723,C2,555,580,C1,500,550
724,10601,smc0137f5-724,C2,555,580,C1,500,550
725,10615,smc0137g6-725,C2,555,580,C1,500,550
726,10629,smc0137h3-726,C2,555,580,C1,500,550
727,10643,smc0137j4-727,C2,555,580,C1,500,550
728,10657,smc0137k6-728,C2,555,580,C1,500,550
729,10671,smc0137l1-729,C2,555,580,C1,500,550
730,10685,smc0137m2-730,C2,555,580,C1,500,550
731,10699,smc0137n3-731,C2,555,580,C1,500,550
732,10713,smc0137r4-732,C2,555,580,C1,500,550
733,10727,smc0137s3-733,C2,555,580,C1,500,550
734,10741,smc1708i3-734,C2,555,580,C1,500,550
735,10755,smc1708j2-735,C2,555,580,C1,500,550
736,10771,smc1708k3-736,C2,555,580,C1,500,550
737,10787,smc1708l4-737,C2,555,580,C1,500,550
738,10803,cm051b1-738,C2,555,580,C1,500,550
739,10817,cm120b1-739,C2,555,580,C1,500,550
740,10831,cm133b5-740,C2,555,580,C1,500,550
741,10845,cm136a4-741,C2,555,580,C1,500,550
742,10859,m428c1-742,C2,555,580,C1,500,550
743,10873,m428c2-743,C2,555,580,C1,500,550
744,10887,m428c3-744,C2,555,580,C1,500,550
745,10901,smc0137o2-745,C2,555,580,C1,500,550
746,10915,smc0137q4-746,C2,555,580,C1,500,550
747,10929,smc0137t6-747,C2,555,580,C1,500,550
748,10943,smc0137u2-748,C2,555,580,C1,500,550
749,10957,smc0137v6-749,C2,555,580,C1,500,550
750,10971,smc1708b3-750,C2,555,580,C1,500,550
751,10985,smc1708c5-751,C2,555,580,C1,500,550
752,10999,smc1708j1-752,C2,555,580,C1,500,550
753,11013,smc1708k1-753,C2,555,580,C1,500,550
754,11027,smc1708o2-754,C2,555,580,C1,500,550
755,11041,smc9910d2-755,C2,555,580,C1,500,550
756,11055,smc9910e1-756,C2,555,580,C1,500,550
757,11069,smc9910g6-757,C2,555,580,C1,500,550
758,11083,smc9914c1-758,C2,555,580,C1,500,550
759,11097,smc9915a1-759,C2,555,580,C1,500,550
760,11111,smc9915c1-760,C2,555,580,C1,500,550
761,11125,smc9916a5-761,C2,555,580,C1,500,550
762,11139,smc9916b1-762,C2,555,580,C1,500,550
763,11153,smc9916d5-763,C2,555,580,C1,500,550
764,11167,smc9916e5-764,C2,555,580,C1,500,550
765,11181,smc9916f5-765,C2,555,580,C1,500,550
766,11195,smc9916i5-766,C2,555,580,C1,500,550
767,11209,smc9916j4-767,C2,555,580,C1,500,550
